fragment,category,weight,subcat
PINGO DOCE,Groceries,192,PINGO DOCE
COMISSAO TRF MBWA,Legal & Administrative Fees,121,
LIDL AGRADECE,Groceries,87,LIDL
VIAVERDE,Car/Gas/Tolls/Parking/repair,64,
ALDI,Groceries,64,ALDI
LEV ATM 6519,Chris Cash Spending,61,
E LECLERC,Groceries,53,LECLERK
LEV ATM 0885,Hella Cash Spending,46,
ATM-0045,Hella Cash Spending,1,
MCDONALD,Restaurants/Dinner Take Out,44,
Colegio Rainha,School Tuition and Fees,42,
FARMACIA,Medical + Birth,40,Pharmacy
IMPOSTO DO SELO,Legal & Administrative Fees,39,
IMPOSTO DO SELO,Legal & Administrative Fees,39,
MINIPRECO,Groceries,36,MINIPRECO
CHILDREN S,"Children's Enrichment Classes",36,Dr. Andreia
****4493,Lessons & Learning,33,IRIS
MIGUEL MEXIA,Groceries,29,
AMAZON,Amazon -- already categorized individulally,29,
Kindle,"Books, mostly hella",27,
MARGARIDA CUNHA,"Children's Enrichment Classes",27,Marg Cunha
IRIS SILVA ROCHA,Lessons & Learning,26,IRIS
IMPOSTO SELO,Legal & Administrative Fees,24,
FF CALDAS,Fitness & Health Hacking,24,Fitness Factory
CONTINENTE,Groceries,23,
PROGRAMA PRESTIGE,Legal & Administrative Fees,22,
OCIDENTAL SAUDE,Health Insurance Premiums,22,
Vodafone,Google Fi + Cell phone,22,
Cidade Logica,Rent,21,
EDP COMERCIAL,Electric,21,
RESPOSTAS INVISIVEIS,"Children's Enrichment Classes",21,J Santos
ITALKI,Lessons & Learning,20,
6519 A8 ,Car/Gas/Tolls/Parking/repair,19,
MB WAY P/ *****9181,Chris Hobbies,19,Nuno
HIPER ,Caldas home wares etc,19,
PRACTICEPORTUGUESE.COM,Lessons & Learning,19,
HELP.MAX.COM,Media Subscriptions,19,
AMERICAN AI,Chris Travel,19,
MEDIS,Medical + Birth,18,
PIMPOES,"Children's Enrichment Classes",18,PIMPOES
CIDENTAL AUTOMVEL,Car/Gas/Tolls/Parking/repair,16,Insurance
WOO,Google Fi + Cell phone,16,Woo
CLINICA,Medical + Birth,16,
NUNO MIGU,Chris Hobbies,16,Nuno
OARHEALTH,Medical + Birth,15,Pharmacy
Cais do Parque,Restaurants/Dinner Take Out,15,
ASHLEY,Groceries,14,
GOLDPET CALDAS,Pets,14,
Disney,Media Subscriptions,14,
BP CALDAS,Car/Gas/Tolls/Parking/repair,13,Gas
GAUCHOS,Restaurants/Dinner Take Out,13,
SPOTIFY,Media Subscriptions,13,
SERVICO BP,Car/Gas/Tolls/Parking/repair,12,Gas
VODAFOLISBOA,Google Fi + Cell phone,12,Vodafone
EVDCR,Hella's Hobbies and Sports,12,Escola Dance
ROBLOX.COM,Family Entertainment,12,
DECATHLON,"Chris Clothing, Shoes, & Accessories",12,
Balance Health,Fitness & Health Hacking,12,Balance
help.max.com,Media Subscriptions,12,HBO Max
ANUL COMPRA,Fraud,12,
ESTACIONAMENT,Car/Gas/Tolls/Parking/repair,11,
AGUA/GAS,Water Bill,11,
SPDAD - Sociedade Portugu,Hella's Hobbies and Sports,11,
UBER,"Uber, Lyft, Cabs, Car2Go, Public Transit, Bikeshare ",11,
ORTHOLINTO,Dental,10,Ortholinto
HOSPITAL DA LUZ,Medical + Birth,10,
HOSPITAL CUF ,Medical + Birth,10,
BOWLING CALDAS,Restaurants/Dinner Take Out,10,
McDonalds,Hella's Lunches/Fast Food,10,
ELLINOPOULA,Lessons & Learning,10,
HMGIFTS,"Birthdays, Christmas, Gifts, Parties",10,
BENETTON,Kids Clothing and Baby Gear,10,
Glovo,Hella's Lunches/Fast Food,9,
MB WAY P/ *****3133,Chris Hobbies,9,Jamine
MB WAY P/ *****3313,"Children's Enrichment Classes",9,Marg Cunha
RNE LISBOA,transit,8,
POSTO BP,Car/Gas/Tolls/Parking/repair,8,Gas
EST SERVICO,Car/Gas/Tolls/Parking/repair,8,Gas
JCLAC POSTO BLC,Medical + Birth,8,Blood Tests
MERCADONA,Groceries,8,
SEVILLA,Family Vacations,8,
UNITED      0162367927940,Family Vacations,1,
UNITED      0162367927939,Family Vacations,1,
UNITED      0162367927938,Family Vacations,1,
UNITED      0164364660306,Family Vacations,1,
AIRBNB * HMNAPBATKM,Family Vacations,1,
LEVALLOIS-PERRET,Hella Travel,8,
AEGEAN,Hella Travel,8,
COMPRA 0885 Vinted,Fraud,8,
JOAQUIM CHAVES,Medical + Birth,7,Blood Tests
LECLERC,Groceries,7,LECLERK
LEROY MERLIN,Caldas home wares etc,7,
BALANCE CALDAS,Fitness & Health Hacking,7,Balance
NETFLIX.COM,Media Subscriptions,7,Netflix
Amazon,Amazon -- already categorized individulally,7,
REPSOL,Car/Gas/Tolls/Parking/repair,6,Gas
CLINIMED,Medical + Birth,6,
MONTEPIO,Medical + Birth,6,
CUF TORRES VEDRAS,Medical + Birth,6,
KAYSDAKI,Restaurants/Dinner Take Out,6,
CLUB PADEL,Chris Hobbies,6,
LIU YUANYUAN,Caldas home wares etc,6,
WESTBIKE,Bicycle Maintenance,6,
BBL C RAINHA,Kids Clothing and Baby Gear,6,
GoFundMe,Charity/Activist Contributions,6,
Netflix.com,Media Subscriptions,6,Netflix
RODOVIARIA OESTE,transit,5,
MEDICO DA AV.,Dental,5,
COUTINHO,Car/Gas/Tolls/Parking/repair,5,Repair
A8 TORRES,Car/Gas/Tolls/Parking/repair,5,
6519 A15,Car/Gas/Tolls/Parking/repair,5,
6519 A1 ,Car/Gas/Tolls/Parking/repair,5,
PAG.IGCP,Income Taxes,5,
SMAS CALDAS,Water Bill,5,
HOSPITAL LUZ,Medical + Birth,5,
SUPERMERCADO,Groceries,5,
THE BLACK SHEEP PUB,Restaurants/Dinner Take Out,5,
VINTAGE SPECTRUM,Restaurants/Dinner Take Out,5,
BALLET,Hella's Hobbies and Sports,5,
PLAYTOMIC,Chris Hobbies,5,
GOOD MART CALDAS,Caldas home wares etc,5,
BOL QUEIJAS,Family Entertainment,5,
VIKING,Family Vacations,5,
FNAC,"Books, mostly hella",5,
NOTE ,"Books, mostly hella",5,
KID TO KID,Kids Clothing and Baby Gear,5,
SPRINGFIELD,"Chris Clothing, Shoes, & Accessories",5,
TRF MB WAY P/ *****6234,"Children's Enrichment Classes",5,J Santos
CHILDRENS WORLD,"Children's Enrichment Classes",5,Dr. Andreia
SANAPSY,"Children's Enrichment Classes",5,J Santos
AIRALO,Chris Travel,5,
Vinted Vilnius,Fraud,5,
Vinted,Kids Clothing and Baby Gear,3,
COLEGIO RAINHA,School Tuition and Fees,4,
CORREIOS,Legal & Administrative Fees,4,
DD PT61111450 CTT - AGUA/GAS,Water Bill,4,
IHERB,Medical + Birth,4,Pharmacy
PIZZA HUT,Restaurants/Dinner Take Out,4,
WHAT THE FOLK,Hella's Lunches/Fast Food,4,
SPORT ZONE VIVACI,Chris Hobbies,4,
RAILWAY,Chris Hobbies,4,
Vasiliki Flora,Lessons & Learning,4,
GRUTAS,Family Entertainment,4,
SALAMANCA,Family Vacations,4,SALAMANCA
BERTRAND,"Books, mostly hella",4,
STAPLES,"Books, mostly hella",4,
EL CORTE INGLES-,Kids Clothing and Baby Gear,4,
GOFNDME,Charity/Activist Contributions,4,
TRF MB way P/ *****6234,"Children's Enrichment Classes",4,J Santos
BALANCE CLUB,Fitness & Health Hacking,4,Balance
HELP.HBOMAX.COM,Media Subscriptions,4,HBO Max
TURTLECHAPTER,Hella Travel,4,
ATM 0885,Hella Cash Spending,4,
WASTE MANAGEMENT,2621 Expenses,4
FLIXBUS.COM,transit,3,
CRDL,School Tuition and Fees,3,
DISPONIBILIZACAO,Legal & Administrative Fees,3,
COMISSAO TRE MBWAY,Legal & Administrative Fees,3,
CVS/PHARMACY,Medical + Birth,3,
SPAR VILA NOVA,Groceries,3,
PROHIBITION,Restaurants/Dinner Take Out,3,
KASTHAMANDAP,Restaurants/Dinner Take Out,3,
RESTAURANTE,Restaurants/Dinner Take Out,3,
TIGER BELLY,Restaurants/Dinner Take Out,3,
UNIQUE COFFEE,Hella's Lunches/Fast Food,3,
AGRILOJA,Caldas home wares etc,3,
CINEPLACE,Family Entertainment,3,
MOSTEIRO,Family Entertainment,3,
REBECCA MC KINLEY,Family Vacations,3,
Cars on Booking,Family Vacations,1,
PORTO EDITORA,"Books, mostly hella",3,
MANGO DE CALDAS,"Hella Clothing, Shoes, Accessories",3,
MB way P/ *****3313,"Children's Enrichment Classes",3,Marg Cunha
MOMMASTRONG,Fitness & Health Hacking,3,
hbomax.com,Media Subscriptions,3,HBO Max
NYTimes,Media Subscriptions,3,
PARIS,Hella Travel,3,
SERVICE NAVIGO,Hella Travel,3,
AMZN Mktp,Amazon -- already categorized individulally,3,
PASSPORT FEES,Legal & Administrative Fees,2,
ANNUAL MEMBERSHIP FEE,Legal & Administrative Fees,2,
0885 A15 ,Car/Gas/Tolls/Parking/repair,2,
FIDELIDADE,Car/Gas/Tolls/Parking/repair,2,Insurance
TAXACT,Income Taxes,2,
VODAFONE,Google Fi + Cell phone,2,Vodafone
HOSP CUF,Medical + Birth,2,
 OPTICAS,Medical + Birth,2,Glasses/Contacts
ALMAGEMEDICAL,Medical + Birth,2,
WELL S ,Groceries,2,WELLS
WELLS OPTICA,Groceries,2,WELLS
GUACAMOLE,Chris's Lunches/Fast Food,2,
COCKPIT BAR,Chris's Lunches/Fast Food,2,
BRILHANTES,Chris's Lunches/Fast Food,2,
OUTBECO,Restaurants/Dinner Take Out,2,
PROUD EARTH,Restaurants/Dinner Take Out,2,
Gauchos Hamburgueria,Restaurants/Dinner Take Out,2,
MATA BICHO,Restaurants/Dinner Take Out,2,
MUSARANHOS,Restaurants/Dinner Take Out,2,
O CASTIGO,Restaurants/Dinner Take Out,2,
QUINTA SENHORA DO ARRIO,Restaurants/Dinner Take Out,2,
UNRWAUSA.ORG,Hella's Hobbies and Sports,2,
Deporvillage,Hella's Hobbies and Sports,2,
Strava Ireland Limited,Hella's Hobbies and Sports,2,
CUF SANTAREM CAFE,Hella's Lunches/Fast Food,2,
TRACA TRAPOS,Hella's Lunches/Fast Food,2,
FIVE GUYS,Hella's Lunches/Fast Food,2,
OASA ETICKET,Hellas Podcast,2,
TENNIS,Chris Hobbies,2,
ESCOLA DE VELA,Chris Hobbies,2,
HIPERFAMILIA,Caldas home wares etc,2,
WORTEN,Caldas home wares etc,2,
FORUM CHINA,Caldas home wares etc,2,
MB WAY P/ *****2455,Caldas home wares etc,2,
****#*4493,Lessons & Learning,2,IRIS
Ordem Pagamento s/Estrangeiro,Lessons & Learning,2,Greek
TCD.IE STUDENT FINANCE,Lessons & Learning,2,
Hobbii,Hella's yarn and crafts,2,
GELATARIA,Family Entertainment,2,
VILA NATAL,Family Entertainment,2,
JARDIM ZOOLOGICO,Family Entertainment,2,
PONTA DELGADA,Family Vacations,2,sao miguel
SANTAGLORIA,Family Vacations,2,
ESTREMOZ,Family Vacations,2,
PARKING OBISPO GALARZA,Family Vacations,2,
EXTREMADUR,Family Vacations,2,
EXPPINTOR,Family Vacations,2,
GetYourGuide,Family Vacations,2,
AIRBNB * HMP48WRMRE,Family Vacations,2,
AIRBNB * HMR53ZJC59,Family Vacations,2,
LIVRARIA,"Books, mostly hella",2,
TEACHERSPAYTEACHERS.COM,"Books, mostly hella",2,Kids Books
GIRL SCOUTS,"Birthdays, Christmas, Gifts, Parties",2,
COMERCIO ARTIGO,"Birthdays, Christmas, Gifts, Parties",2,
TRF MB WAY P/ *****8823,"Birthdays, Christmas, Gifts, Parties",2,KIDS RAINHA ZOE
ALE HOP,"Birthdays, Christmas, Gifts, Parties",2,
H.M.ROSA,"Birthdays, Christmas, Gifts, Parties",2,
TANIMARA COMERCIO,"Birthdays, Christmas, Gifts, Parties",2,
NOGUEIRA,"Birthdays, Christmas, Gifts, Parties",2,
ALE HOP,"Birthdays, Christmas, Gifts, Parties",2,
COCCODRILLO,Kids Clothing and Baby Gear,2,
MO CALDAS DA RAINHA,Kids Clothing and Baby Gear,2,
IMPERIO DA CRIANCA,Kids Clothing and Baby Gear,2,
HM Lisbon,Kids Clothing and Baby Gear,2,
GUIMARAES,Kids Clothing and Baby Gear,2,
LEFTIES,Kids Clothing and Baby Gear,2,
MARGARIDA MARIA,"Hella Clothing, Shoes, Accessories",2,
THROTTLEMAN,"Chris Clothing, Shoes, & Accessories",2,
OSLO,"Chris Clothing, Shoes, & Accessories",2,
CAO DE LO,Pets,2,
CONSERVATORIO,"Children's Enrichment Classes",2,Music
RITA MARGARIDA DOMINGOS FERREIRA,"Children's Enrichment Classes",2,
CHILOREN S WORLD,"Children's Enrichment Classes",2,Dr. Andreia
MARGARIDA DOMINGUES DA CUNHA,"Children's Enrichment Classes",2,Marg Cunha
GOOGLE *TV,Media Subscriptions,2,
SUNNY,GADGETS,2,
*Wikiloc,GADGETS,2,
NORD* VPN,GADGETS,2,
APPLE.COM/US,GADGETS,2,
Worten,GADGETS,2,
VASILOPOULOS,Hella Travel,2,
VIVLIOPOLIO,Hella Travel,2,
ATHENS AUTHENTIC MAR,Hella Travel,2,
AIRBNB * HMPT4Y5WS3,Hella Travel,2,
MACDONALDS AEROPORTO,Hella Travel,2,
EASYJET AIR KBDM9M4,Chris Travel,2,
EWR ,Chris Travel,2,
KAPOKVILLAS.COM,Chris Travel,2,
Atm 6519,Chris Cash Spending,2,
RNE - REDE,transit,1,
TERMINAL RODOVIARIO,transit,1,
REDE EXPRESSOS,transit,1,
REDE NACIONAL EXPRES,transit,1,
Cidade togica,Rent,1,
ALINE DIAS SOUZA MENDES,Legal & Administrative Fees,1,
NOTARIAL,Legal & Administrative Fees,1,
Sportograf,Legal & Administrative Fees,1,
OVERSEAS PPT,Legal & Administrative Fees,1,
SUBSTITUICAO DE CARTAO,Legal & Administrative Fees,1,
6510 A8,Car/Gas/Tolls/Parking/repair,1,
 A6 VI,Car/Gas/Tolls/Parking/repair,1,
0885 A13 ,Car/Gas/Tolls/Parking/repair,1,
6519 A17 ,Car/Gas/Tolls/Parking/repair,1,
VIA VERDE,Car/Gas/Tolls/Parking/repair,1,
Kerby A Ferris,Car/Gas/Tolls/Parking/repair,1,
6519 MUNICIPIO CALDAS RAICAL,Car/Gas/Tolls/Parking/repair,1,
MUNICIPIO CALDAS,Car/Gas/Tolls/Parking/repair,1,
OCID SEGUROS DEVOL,Car/Gas/Tolls/Parking/repair,1,Insurance
SEGURANCA SOCIAL,Income Taxes,1,
TAXACT CONSUMER,Income Taxes,1,
SMAS Caldas,Water Bill,1,
vodafone.pt,Google Fi + Cell phone,1,Vodafone
PHYSIOCLEM,Medical + Birth,1,
Farmacia,Medical + Birth,1,Pharmacy
IM SAUDE X,Medical + Birth,1,
GRANDVISION,Medical + Birth,1,Glasses/Contacts
Allday,Medical + Birth,1,Pharmacy
CALDAS GLOBALTHERAPYCAL,Medical + Birth,1,
NSTITITO MICROC,Medical + Birth,1,Glasses/Contacts
LIOL AGRADECE,Groceries,1,LIDL
LIDL #1527,Groceries,1,LIDL
LAURA VERON,Groceries,1,
SUPERMARKET,Groceries,1,
COST U LESS,Groceries,1,
WELL S VIVACI CALDAS,Groceries,1,WELLS
WELLS S,Groceries,1,WELLS
CERVEJA NETUS,Chris's Lunches/Fast Food,1,
ROCKY S CAFE,Chris's Lunches/Fast Food,1,
LUCKY 7 WINE,Chris's Lunches/Fast Food,1,
NEIGHBORSWINESHOP,Chris's Lunches/Fast Food,1,
MULTIMARCA,Chris's Lunches/Fast Food,1,
FAYZUL KEBAB,Chris's Lunches/Fast Food,1,
QUEBRAMAR VILA NOVA,Chris's Lunches/Fast Food,1,
MAREC ESPACO CASA,Chris's Lunches/Fast Food,1,
DELIRIUM CAFE LIS,Chris's Lunches/Fast Food,1,
BAIXA CHIADO,Chris's Lunches/Fast Food,1,
167825390832809,Restaurants/Dinner Take Out,1,
Green Love Restauran,Restaurants/Dinner Take Out,1,
CAMAROEIRO REAL,Restaurants/Dinner Take Out,1,
LEITAO DA MEALHADA,Restaurants/Dinner Take Out,1,
DONA BRANCA,Restaurants/Dinner Take Out,1,
TASCA,Restaurants/Dinner Take Out,1,
LETRARIA,Restaurants/Dinner Take Out,1,
Roots,Restaurants/Dinner Take Out,1,
AVOCADO,Restaurants/Dinner Take Out,1,
ORIENTE REST BUFFET,Restaurants/Dinner Take Out,1,
LITRO,Restaurants/Dinner Take Out,1,
ESPLANADA DO JARDIM,Restaurants/Dinner Take Out,1,
RAZZLE DAZZLE,Restaurants/Dinner Take Out,1,
TABERNA,Restaurants/Dinner Take Out,1,
A CASA ALCOBACA,Restaurants/Dinner Take Out,1,
CASA DO BINGRE,Restaurants/Dinner Take Out,1,
PIZZARIA LA PIAZZA,Restaurants/Dinner Take Out,1,
Fogo e Sabor,Restaurants/Dinner Take Out,1,
ETNAGA CONS,Hella's Hobbies and Sports,1,
RUPO DESPORTIVO CONCHA AZU,Hella's Hobbies and Sports,1,
HOTEL JERONIMOS,Hella's Hobbies and Sports,1,
DEPARTMENT OF REAL ESTATE,Hella's Hobbies and Sports,1,
FOTOSDOPIO.PT,Hella's Hobbies and Sports,1,
TEATROJLSILVA,Hella's Hobbies and Sports,1,
RunningXpert,Hella's Hobbies and Sports,1,
ATHLETEREG,Hella's Hobbies and Sports,1,
TRAININGPEAKS,Hella's Hobbies and Sports,1,
COGNITIVEMETRICS,Hella's Hobbies and Sports,1,
RUNKD.IT 0-55EC-4EF1-803D,Hella's Hobbies and Sports,1,
ALL RUN,Hella's Hobbies and Sports,1,
Globalpix Marathonphoto,Hella's Hobbies and Sports,1,
WWW.REALIQ.ONLINE,Hella's Hobbies and Sports,1,
GAREDENS,Hella's Lunches/Fast Food,1,
TANIMARA COMERCIO COCAL,Hella's Lunches/Fast Food,1,
ZAHIR KEBAB,Hella's Lunches/Fast Food,1,
EXQUISITE,Hella's Lunches/Fast Food,1,
krispy-kreme-forum-des,Hella's Lunches/Fast Food,1,
PUBLIC SYNTAGMA,Hella's Lunches/Fast Food,1,
PALAIS ROYAL,Hella's Lunches/Fast Food,1,
UBER EATS,Hella's Lunches/Fast Food,1,
TRF MB WAY P/ *****4963,Hella's Lunches/Fast Food,1,
APOMERO CHIOS GR,Hella's Lunches/Fast Food,1,
CHIOS SHOP CHIOS,Hella's Lunches/Fast Food,1,
SIX THOUSAND ISLANDS,Hellas Podcast,1,
MB WAY P/ *****5954,Chris Hobbies,1,Rafael
RAFAEL SILVA CUNHA,Chris Hobbies,1,Rafael
WAVEMOTION,Chris Hobbies,1,
TRE MB WAY P/ ****#*3133,Chris Hobbies,1,
JAMINE,Chris Hobbies,1,Jamine
CRONOMETER,Chris Hobbies,1,
SPRINTER MEGACENTROS DEL,Chris Hobbies,1,
INATURALIST,Chris Hobbies,1,
ECOGROWING,Chris Hobbies,1,
HIPERFAMILA,Caldas home wares etc,1,
A.M.SHOPPING,Caldas home wares etc,1,
MAXMAT,Caldas home wares etc,1,
IKEA,Caldas home wares etc,1,
JOM PT,Caldas home wares etc,1,
JOM - CALDAS RAINHA,Caldas home wares etc,1,
VIVA 1900-001,Caldas home wares etc,1,
ECOPLANTARIUM,Caldas home wares etc,1,
TRE MB WAY P/ ***#*4493,Lessons & Learning,1,IRIS
*##4493,Lessons & Learning,1,IRIS
NEW YORK UNIVERSITY,Lessons & Learning,1,
PIMSLEUR,Lessons & Learning,1,
CE SHOP REAL ESTATE ED,Lessons & Learning,1,
GELATOMANIA,Family Entertainment,1,
FOTOSOUVENIR AMARANTFAF,Family Entertainment,1,
OCEANARIO,Family Entertainment,1,
CULTURCALDAS,Family Entertainment,1,
Splash,Family Entertainment,1,
BERLENGATUR,Family Entertainment,1,
TURTLEBACK,Family Entertainment,1,
ET CAR HIRE,Family Vacations,1,sao miguel
RYANAIR,Family Vacations,1,
AIRBNB,Family Vacations,1,
Trainline,Family Vacations,1,
HERTZ,Family Vacations,1,
EASYJET,Family Vacations,1,
FlyTAP,Family Vacations,1,
PASARON,Family Vacations,1,Caceres
PONTA DELGAGADA,Family Vacations,1,
46827/086126624,Family Vacations,1,sao miguel
GERES,Family Vacations,1,GERES
EcoBeach,Family Vacations,1,slide and splash
TAP AIR     000001251641,Family Vacations,1,Bob visit April
PALMEIRAS GRILL BAR,Family Vacations,1,
RENT CAR ILHA VERDE,Family Vacations,1,
EXPRESS PLAZA DE LA,Family Vacations,1,
BAR LA MURALLA,Family Vacations,1,
TAP AIRLINE 0474207095446,Family Vacations,1,
GRANDOLA,Family Vacations,1,
BRISA AREAS SERVICO,Family Vacations,1,
LA BELLA PIZZA V N MILF,Family Vacations,1,
FONTEMIRA,Family Vacations,1,
MERIDA,Family Vacations,1,
ZERISCOFFEE,Family Vacations,1,
NICKEL BURGER ARENAL,Family Vacations,1,
AIRBNB  HM4TNBRBXY,Family Vacations,1,sao miguel
AIRBNB * HMEQFB3QKE,Family Vacations,1,Salamanca
TAP AIRLINE 0470010421404,Family Vacations,1,Bob visit August
BKG*HOTEL,Family Vacations,1,
TAP AIRLINE 0474207049847,Family Vacations,1,
ET CAR HIRE,Family Vacations,1,sao miguel
ITCH.IO,"Books, mostly hella",1,
LIDEL LISBOA,"Books, mostly hella",1,
LIBRERIA LA PUERTA,"Books, mostly hella",1,
PUBLIC AERODROMIO,"Books, mostly hella",1,
ABEBOOKS.CO,"Books, mostly hella",1,
AQUI HA GATO,"Books, mostly hella",1,Kids Books
JOAO SERRENHO LDA,"Birthdays, Christmas, Gifts, Parties",1,
WOLVERINEWORLDWIDE,"Birthdays, Christmas, Gifts, Parties",1,
Microsoft*Store,"Birthdays, Christmas, Gifts, Parties",1,
Microsoft Store,"Birthdays, Christmas, Gifts, Parties",1,
PAPELARIA ALMEIDA,"Birthdays, Christmas, Gifts, Parties",1,
PATINHAS  CALDA,"Birthdays, Christmas, Gifts, Parties",1,
QUINTA SENHORA DO AR,"Birthdays, Christmas, Gifts, Parties",1,
ALIEXPRESS.COM,Bicycle Maintenance,1,
Claire,Kids Clothing and Baby Gear,1,
HM Leiria,Kids Clothing and Baby Gear,1,
HM PT0312,Kids Clothing and Baby Gear,1,
C  A MODAS,Kids Clothing and Baby Gear,1,
SPORT ZONE,Kids Clothing and Baby Gear,1,
SALSA LEIRIA,"Hella Clothing, Shoes, Accessories",1,
LEIRIASHOPPING,"Hella Clothing, Shoes, Accessories",1,
OYSHO,"Hella Clothing, Shoes, Accessories",1,
ANTHRAX SPORTWEAR,"Hella Clothing, Shoes, Accessories",1,
ORIVESARIA,"Hella Clothing, Shoes, Accessories",1,
Biju Ericeira,"Hella Clothing, Shoes, Accessories",1,
SPORTINO,"Hella Clothing, Shoes, Accessories",1,
PARFOIS,"Hella Clothing, Shoes, Accessories",1,
MOVE DANCE,"Hella Clothing, Shoes, Accessories",1,
Stradivarius,"Hella Clothing, Shoes, Accessories",1,
BILLABONG,"Hella Clothing, Shoes, Accessories",1,
WOMEN SECRET,"Hella Clothing, Shoes, Accessories",1,
MARIA PANO,"Hella Clothing, Shoes, Accessories",1,
GLOBO VERMELHO,"Hella Clothing, Shoes, Accessories",1,
SP VOXY,"Hella Clothing, Shoes, Accessories",1,
MANGO LISBOA,"Chris Clothing, Shoes, & Accessories",1,
VANS COLOMBO,"Chris Clothing, Shoes, & Accessories",1,
LISBON COLOMBO J3PO,"Chris Clothing, Shoes, & Accessories",1,
UNIQLO,"Chris Clothing, Shoes, & Accessories",1,
NIKE,"Chris Clothing, Shoes, & Accessories",1,
HM PT0301 Lisboa PT,"Chris Clothing, Shoes, & Accessories",1,
MACMILLAN CANCER,Charity/Activist Contributions,1,
CHUFFED.OR,Charity/Activist Contributions,1,
ACT*time to,Charity/Activist Contributions,1,
DONORSCHOOSE,Charity/Activist Contributions,1,
TRE MB WAY P/ *****6234,"Children's Enrichment Classes",1,J Santos
**6ยง234,"Children's Enrichment Classes",1,J Santos
PELICANO RADIANTE,"Children's Enrichment Classes",1,quinta de salir
QUINTAS,"Children's Enrichment Classes",1,quinta de salir
Respostas Invisiveis,"Children's Enrichment Classes",1,J Santos
TRF MB WAY P/ *****7470,"Children's Enrichment Classes",1,Ceramica
BALANCE HEALTH,Fitness & Health Hacking,1,Balance
CHATGPT,Media Subscriptions,1,
404 MEDIA,Media Subscriptions,1,
HBO Nordic,Media Subscriptions,1,
RAJ PHONE SHOP CALDAS,GADGETS,1,
TECNO LOGIC,GADGETS,1,
INFOMAIS,GADGETS,1,
WWW.DJI.COM,GADGETS,1,
DROPBOX,GADGETS,1,
Pobox,GADGETS,1,
iRepair AE GLYFADA GR,GADGETS,1,
FASTMAIL,GADGETS,1,
LASTPASS.COM,GADGETS,1,
RADIO POPULAR,GADGETS,1,
CHAVIARAS STEFANOS,Hella Travel,1,
ATTRATTIVO_ERMOU,Hella Travel,1,
KOSTARELOU,Hella Travel,1,
SPATA GR,Hella Travel,1,
KALLITHEA GR,Hella Travel,1,
BOLT.EUO2508282154,Hella Travel,1,
BOLT.EUO2503122331,Hella Travel,1,
SWEETIES,Hella Travel,1,
YESIM,Hella Travel,1,
FERRYHOPPER,Hella Travel,1,
EVERYPAY*SKROUTZ,Hella Travel,1,
FLYTAP.COM  0014257597,Hella Travel,1,
MACHADO   HIGINO LDA,Hella Travel,1,
UNITED      0162480697788,Hella Travel,1,
GP MUSEE PICASSO2335676,Hella Travel,1,
STUDIO HARMONIC,Hella Travel,1,
ARTEUM SERVICES,Hella Travel,1,
PIERRE HERME,Hella Travel,1,
C POMPIDOU VEL  2359780,Hella Travel,1,
FAME            9260563,Hella Travel,1,
EASYPAY LISBOA,Hella Travel,1,
EASYJET AIR K8JNQZ8,Hella Travel,1,
HALIOTIS,Chris Travel,1,
LAGINHA INVESTIM CV,Chris Travel,1,
AIRBNB * HME22PMMAF,Chris Travel,1,
AMALIE CAR RENTAL,Chris Travel,1,
BOTTLE KING LIVINGSTON,Chris Travel,1,
SQ *AIRPORT TAXI,Chris Travel,1,
TAP AIRLINE 0470014775400,Chris Travel,1,
TAP AIR     0000016006572,Chris Travel,1,
IATI SEGUROS,Chris Travel,1,
TAP AIR     0000013069340,Chris Travel,1,
ATM 6519,Chris Cash Spending,1,
ATM 7455,Chris Cash Spending,1,
RECTIFICACAO,Fraud,1,
VISS745 COMPRA 745uUSD,Fraud,1,
bodsshop.com,Fraud,1,
Lev ATw 0885,Hella Cash Spending,1,
ROM LISBOA,transit,0,
COMBOIOS,transit,0,
Rede Expressos,transit,0,
Flix,transit,0,
TRANSTEJO,transit,0,
Josepha Ling Barrett,Rent,0,
CIDADE LOGICA,Rent,0,
Colegio rainha,School Tuition and Fees,0,
DDPT16103627,School Tuition and Fees,0,
Bruno Afonso,Legal & Administrative Fees,0,
WIRED FUNDS FEE,Legal & Administrative Fees,0,
IMPOSTO DE SELO,Legal & Administrative Fees,0,
Annual Membership Fee,Legal & Administrative Fees,0,
COMISSAO TRF MBWAY,Legal & Administrative Fees,0,
SAUDE ORAL,Dental,0,
DDPT91100919OCS00254458645 DI78637755,Health Insurance Premiums,0,
Bonita trimeloni,Car/Gas/Tolls/Parking/repair,0,
VARANDAS E ALMEIDA,Car/Gas/Tolls/Parking/repair,0,Repair
PETROALVES,Car/Gas/Tolls/Parking/repair,0,Gas
PARQUE ESTACION,Car/Gas/Tolls/Parking/repair,0,
SERVICO CEPSA,Car/Gas/Tolls/Parking/repair,0,Gas
CA E RA,Car/Gas/Tolls/Parking/repair,0,Repair
EST SERVICO PRIO,Car/Gas/Tolls/Parking/repair,0,Gas
DDPT91100919OCS00254663509 AU83469628,Car/Gas/Tolls/Parking/repair,0,
EMES N7,Car/Gas/Tolls/Parking/repair,0,
M COUTINHO OESTE,Car/Gas/Tolls/Parking/repair,0,Repair
DD OCIDENTAL AUTOMVEL,Car/Gas/Tolls/Parking/repair,0,Insurance
REEMBOLSOS   IRS,Income Taxes,0,
158370002152428,Income Taxes,0,
TRANSFERENCIA P/O EDP,Electric,0,
PAG.xxxx8947 - MEO/TMN,Google Fi + Cell phone,0,Meo
VODAFO,Google Fi + Cell phone,0,
CLINICA ESTEVAO,Medical + Birth,0,
DRA MAFALDA JOANA SILVA FIGUEIRED,Medical + Birth,0,
CLINICA PEDIATRICA,Medical + Birth,0,
BRANCO LISBOA,Medical + Birth,0,Pharmacy
CLINICA CUF,Medical + Birth,0,
AGEAS PORTUGAL,Medical + Birth,0,
LABETO,Medical + Birth,0,
POSTO RZ CALDAS,Medical + Birth,0,
Opticas,Medical + Birth,0,Glasses/Contacts
Discountglasses,Medical + Birth,0,Glasses/Contacts
Mario Albuquerque,Medical + Birth,0,
Oarrx.com,Medical + Birth,0,Pharmacy
"DD PT73101243 MEO, SA         42473235217",Internet,0,
PT73101243 MEO,Internet,0,
DD MEO,Internet,0,
Zumub,Groceries,0,
TALHO JARDIM,Groceries,0,
SPAR CALDAS,Groceries,0,
TRF P/ LISA FRANCINE OSBORNE,Groceries,0,COSTCO
ELECLERC,Groceries,0,LECLERK
ALDI CALDAS,Groceries,0,
ALDI PENICHE,Groceries,0,
HIPERDINO,Groceries,0,
SODIRAINHA,Groceries,0,
BAZAAR AE KOLONAKI,Groceries,0,
ROCKY S CALDAS,Chris's Lunches/Fast Food,0,
TELEPIZZA,Chris's Lunches/Fast Food,0,
ACAI NATURA ALMANCIL,Chris's Lunches/Fast Food,0,
ALIBABA,Chris's Lunches/Fast Food,0,
AREAS PORTUGAL SA AEROP,Chris's Lunches/Fast Food,0,
JARDINES DE SITIO,Chris's Lunches/Fast Food,0,
NEWREST,Chris's Lunches/Fast Food,0,
INDIANO HOT SABOR CALDA,Chris's Lunches/Fast Food,0,
BIFANAS VENDAS,Chris's Lunches/Fast Food,0,
GONCALO JORGE SANTOSEVO,Chris's Lunches/Fast Food,0,
SAFFLOR,Restaurants/Dinner Take Out,0,
FUNKY,Restaurants/Dinner Take Out,0,
KABUKI,Restaurants/Dinner Take Out,0,
INFUSION,Restaurants/Dinner Take Out,0,
MOMENTOS NO BASTIDORFIG,Restaurants/Dinner Take Out,0,
XANECA,Restaurants/Dinner Take Out,0,
CITRUS CALDAS,Restaurants/Dinner Take Out,0,
COCOS VEGGIE,Restaurants/Dinner Take Out,0,
PACHA CALDAS,Restaurants/Dinner Take Out,0,
CAIS DO PARQUE,Restaurants/Dinner Take Out,0,
RESTAURANTE GRANADA,Restaurants/Dinner Take Out,0,
ONDAS BAR TAVERNA,Restaurants/Dinner Take Out,0,
SANTANA TAPAS,Restaurants/Dinner Take Out,0,
CALHETA GREEN REST,Restaurants/Dinner Take Out,0,
CAIS DA PRAIA,Restaurants/Dinner Take Out,0,
EL CHILITO FERREL,Restaurants/Dinner Take Out,0,
MARATONA,Restaurants/Dinner Take Out,0,
ANGELA PRETO,Restaurants/Dinner Take Out,0,
SANA SILVER COAST,Restaurants/Dinner Take Out,0,
SABORES D,Restaurants/Dinner Take Out,0,
SANTA FRANCESINH,Restaurants/Dinner Take Out,0,
SNACK BAR ESCORPIAO,Restaurants/Dinner Take Out,0,
STREET KITCHEN MOSCAVID,Restaurants/Dinner Take Out,0,
BICA DA LAGOA,Restaurants/Dinner Take Out,0,
LOCAL CAFE,Restaurants/Dinner Take Out,0,
CASA GUEDES S LAZARO,Restaurants/Dinner Take Out,0,
CAFE CENTRAL,Restaurants/Dinner Take Out,0,
100 PRATUS PRAIA AREIA BRANCA,Restaurants/Dinner Take Out,0,
ANTONIO PADEIRO,Restaurants/Dinner Take Out,0,
GEO 2500-860,Restaurants/Dinner Take Out,0,
THE SNUG OLD TOWN,Restaurants/Dinner Take Out,0,
TERRA 9000-073 FUNCHAL,Restaurants/Dinner Take Out,0,
ANTONIO PADEIRO,Restaurants/Dinner Take Out,0,
GENGIBROFERTA,Restaurants/Dinner Take Out,0,
JAEL E MARTINS LDA PENICHE,Restaurants/Dinner Take Out,0,
VICENTE BEACH CLUB,Restaurants/Dinner Take Out,0,
APH CALDAS RAINHA,Restaurants/Dinner Take Out,0,
NEW DILHI REST,Restaurants/Dinner Take Out,0,
ALTA RESTAURANTE,Restaurants/Dinner Take Out,0,
CAPEZIO,Hella's Hobbies and Sports,0,
BALLETSHOP,Hella's Hobbies and Sports,0,
RUNKD,Hella's Hobbies and Sports,0,
MOMO SWEETSETEA,Hella's Lunches/Fast Food,0,
BITESEBITAITES,Hella's Lunches/Fast Food,0,
KFC AEROPORTO,Hella's Lunches/Fast Food,0,
CASA GIL,Hella's Lunches/Fast Food,0,
TESOUROS E LATITUDESCAL,Hella's Lunches/Fast Food,0,
TERTULIA HAMBUERGER VILA FRANCA,Hella's Lunches/Fast Food,0,
TAPA ROMAIKI AGORA,Hella's Lunches/Fast Food,0,
COCKPIT,Hella's Lunches/Fast Food,0,
WHSMITH N1804,Hella's Lunches/Fast Food,0,
THE ART OF PASTRY,Hella's Lunches/Fast Food,0,
QUIOSQUE DO CAIS,Hella's Lunches/Fast Food,0,
TRF MB WAY P/ *****6424,Hella's Lunches/Fast Food,0,
SABORES EXCENTRICOS,Hella's Lunches/Fast Food,0,
BELAMAMIAS CALDAS,Hella's Lunches/Fast Food,0,
MC DONALDS,Hella's Lunches/Fast Food,0,
EST SERVICO EKO MPIKAS,Hella's Lunches/Fast Food,0,
HOMY THE BREAD,Hella's Lunches/Fast Food,0,
REAL CASA DO PASTEL,Hella's Lunches/Fast Food,0,
OLEG GAEIRAS,Hella's Lunches/Fast Food,0,
IGKOU REPOUSI ANNA KERAMEIKOY,Hellas Podcast,0,
DUTY FREE SPATON,Hellas Podcast,0,
Papaki,Hellas Podcast,0,
COMPLEXO MUNICIPA,Chris Hobbies,0,Court Fees
CLUBE DE TENIS,Chris Hobbies,0,Court Fees
SHORT.IO,Chris Hobbies,0,
SHANSHAN,Chris Hobbies,0,Court Fees
xxxCOMISSAO TRF MBWAY 175.00,Chris Hobbies,0,
xxxCOMISSAO TRF MBWAY 150.00,Chris Hobbies,0,
xxxCOMISSAO TRF MBWAY 180.00,Chris Hobbies,0,
xxxCOMISSAO TRF MBWAY 65.00,Chris Hobbies,0,
xxTRF MBWAY 15.00,Chris Hobbies,0,
TRF MB WAY P/ *****9927,Chris Hobbies,0,
J.O.M.,Caldas home wares etc,0,
BRICOMARCHE,Caldas home wares etc,0,
SIMPLE HOME LDA,Caldas home wares etc,0,
VIVA CALDA,Caldas home wares etc,0,
MAX MAT,Caldas home wares etc,0,
Williams,Caldas home wares etc,0,
WILLIAMS,Caldas home wares etc,0,
CASA VARELA,Caldas home wares etc,0,
PAULO FIGUEIRAS,Caldas home wares etc,0,
QINGYI ZHANG,Caldas home wares etc,0,
BORRIFOS,Caldas home wares etc,0,
SHUANGJIE,Caldas home wares etc,0,
TAKITUDO,Caldas home wares etc,0,
STAPLES PORTUGAL,Caldas home wares etc,0,
MB WAY P/ *****2711,Caldas home wares etc,0,
SEF GOLF 1-BARCARENA,Portugal Relocation Project,0,
DRMT CENTRO COIMBRA,Portugal Relocation Project,0,
DDV - LEIRIA LEIRIA,Portugal Relocation Project,0,
Dgav,Portugal Relocation Project,0,
MB WAY P/ *****9821,Lessons & Learning,0,
xxxxCOMISSAO TRF MBWAY 32.00,Lessons & Learning,0,
xxxxCOMISSAO TRF MBWAY 24.00,Lessons & Learning,0,
xxxxCOMISSAO TRF MBWAY 12.00,Lessons & Learning,0,
MB WAY P/ *****4493,Lessons & Learning,0,IRIS
KLINICA PERIO,Hella's yarn and crafts,0,
TRACA TRAPOS CALDAS,Hella's yarn and crafts,0,
BILHETEIRA CASTELO,Family Entertainment,0,
DINO PARQUE,Family Entertainment,0,
BRINCAR,Family Entertainment,0,
Lawrence Hall Sci,Family Entertainment,0,
Liberty Science,Family Entertainment,0,
ZOO SANTO INACIO,Family Entertainment,0,
PAVILHAO CONHLIS,Family Entertainment,0,
PARQUES DE SINTRA,Family Entertainment,0,
Slidesplash,Family Entertainment,0,
IGESPAR MOSTEIRO,Family Entertainment,0,
JARDIM MONTE PALACE,Family Entertainment,0,
OBIDOS CRIATIVA,Family Entertainment,0,
TOMAZ DO DOURO,Family Entertainment,0,
CIENCIA VIVA,Family Entertainment,0,
TATIANA MARCHENKO,Family Entertainment,0,
PAPA ZOO LISBOA,Family Entertainment,0,
BUDDHA EDEN,Family Entertainment,0,
BACALHOA ENOTURISMO,Family Entertainment,0,
CONFORTARROJADO,Family Entertainment,0,
BOWLING,Family Entertainment,0,
OBIDOS VILA NATAL,Family Entertainment,0,
Patricia Sue Danner,Family Vacations,0,
QUEIMADO COXIXO,Family Vacations,0,
Pestana Viking,Family Vacations,0,
PORCHINHOS,Family Vacations,0,
SALAMA,Family Vacations,0,SALAMANCA
JetBlue,Family Vacations,0,
Libro Audiobooks,"Books, mostly hella",0,
FNAC.PT,"Books, mostly hella",0,
Porto Editora,"Books, mostly hella",0,
BOOKSTORE,"Books, mostly hella",0,
FNAC LEIRIA,"Books, mostly hella",0,
FNAC PORTUGAL,"Books, mostly hella",0,
ATELIER DO DOCE,"Birthdays, Christmas, Gifts, Parties",0,
PIZZARIA SAO MARTINHS,"Birthdays, Christmas, Gifts, Parties",0,
MARAVILHAS,"Birthdays, Christmas, Gifts, Parties",0,
TIGER LA VIE,"Birthdays, Christmas, Gifts, Parties",0,
ATELIER DO DOCE,"Birthdays, Christmas, Gifts, Parties",0,
HM GIFTS,"Birthdays, Christmas, Gifts, Parties",0,
MISTERIUS,"Birthdays, Christmas, Gifts, Parties",0,
ROBLOX,"Birthdays, Christmas, Gifts, Parties",0,
FLYING TIGER,"Birthdays, Christmas, Gifts, Parties",0,
BC-BRINQUEDO,"Birthdays, Christmas, Gifts, Parties",0,
MANAPULA,"Birthdays, Christmas, Gifts, Parties",0,
ARTIGOCAL,"Birthdays, Christmas, Gifts, Parties",0,
CARROCEL DE NUVENS,"Birthdays, Christmas, Gifts, Parties",0,
GRATITUDE,"Birthdays, Christmas, Gifts, Parties",0,
SEASIDE,"Birthdays, Christmas, Gifts, Parties",0,
PAPELARIA VOGA,"Birthdays, Christmas, Gifts, Parties",0,
LEGO C,"Birthdays, Christmas, Gifts, Parties",0,
TIGER CHIADO,"Birthdays, Christmas, Gifts, Parties",0,
MUJI CHIADO,"Birthdays, Christmas, Gifts, Parties",0,
ESTADO LIQUIDO,"Birthdays, Christmas, Gifts, Parties",0,
MB WAY DE  JOSEPHINE PHILIPPE,"Birthdays, Christmas, Gifts, Parties",0,
MB WAY DE  LUCIANA AIRES,"Birthdays, Christmas, Gifts, Parties",0,
GRUPETO BIKE SHOP,Bicycle Maintenance,0,
ZIPPY,Kids Clothing and Baby Gear,0,
C A MODAS LISBOA,Kids Clothing and Baby Gear,0,
ZARA KIDDY,Kids Clothing and Baby Gear,0,
HM Via Catarina,Kids Clothing and Baby Gear,0,
HM Loures,Kids Clothing and Baby Gear,0,
TOGETHER,Kids Clothing and Baby Gear,0,
BBL CALDAS,Kids Clothing and Baby Gear,0,
SAPATARIA,"Hella Clothing, Shoes, Accessories",0,
MANGO-CALDAS,"Hella Clothing, Shoes, Accessories",0,
ALDO LEIRIA,"Hella Clothing, Shoes, Accessories",0,
QUEBRAMAR,"Hella Clothing, Shoes, Accessories",0,
CEA LEIRIAS,"Hella Clothing, Shoes, Accessories",0,
YOU GET,"Hella Clothing, Shoes, Accessories",0,
PULL BEAR,"Hella Clothing, Shoes, Accessories",0,
STRADIVARIUS,"Hella Clothing, Shoes, Accessories",0,
ZARA LOURES,"Hella Clothing, Shoes, Accessories",0,
ZARA PORTUGAL LISBOA,"Hella Clothing, Shoes, Accessories",0,
C A MODAS LOURES,"Hella Clothing, Shoes, Accessories",0,
BERSHKA,"Hella Clothing, Shoes, Accessories",0,
CALZEDONIA,"Hella Clothing, Shoes, Accessories",0,
Hennes E Mauritz Lda Lisboa,"Hella Clothing, Shoes, Accessories",0,
RECICALDAS,"Hella Clothing, Shoes, Accessories",0,
ALACETALECRIM,"Hella Clothing, Shoes, Accessories",0,
VEIN LA VIE,"Hella Clothing, Shoes, Accessories",0,
CASA DAS PELES,"Hella Clothing, Shoes, Accessories",0,
BSTRONG,"Hella Clothing, Shoes, Accessories",0,
VILANOVA - LA VIE,"Hella Clothing, Shoes, Accessories",0,
TIFFOSI,"Hella Clothing, Shoes, Accessories",0,
CONFORTARROJADO,"Hella Clothing, Shoes, Accessories",0,
MUJI FAUBOURG ST.ANTOI,"Hella Clothing, Shoes, Accessories",0,
SPDAD - Sociedade Portugu,"Hella Clothing, Shoes, Accessories",0,
Carecondition,Mani-Pedi-Pele,0,
BODY CONCEPT,Mani-Pedi-Pele,0,
TRF MB WAY P/ *****6784,"Chris Clothing, Shoes, & Accessories",0,
RIP CURL,"Chris Clothing, Shoes, & Accessories",0,
MANGO BARNA PORTAL,"Chris Clothing, Shoes, & Accessories",0,
Uniqlo Europe,"Chris Clothing, Shoes, & Accessories",0,
ECCO PORTO,"Chris Clothing, Shoes, & Accessories",0,
MUJI,"Chris Clothing, Shoes, & Accessories",0,
MUJI CHIADO Lisbon,"Chris Clothing, Shoes, & Accessories",0,
Silver Coast Volunteers,Charity/Activist Contributions,0,
Associacao MVC,Charity/Activist Contributions,0,
Patreon,Charity/Activist Contributions,0,
Wikimedia,Charity/Activist Contributions,0,
CLIN VET,Pets,0,
VETERINARIA,Pets,0,
*****6763,Pets,0,
TRF MB WAY P/ *****4952,"Children's Enrichment Classes",0,
Associacao pelicano radiante,"Children's Enrichment Classes",0,quinta de salir
Pelicano Radiante Associacao,"Children's Enrichment Classes",0,quinta de salir
Ines Carvalho,"Children's Enrichment Classes",0,
TRF MB WAY P/ *****5473,"Children's Enrichment Classes",0,
OXYGYM,Fitness & Health Hacking,0,
MEDIOESTE,Media Subscriptions,0,
Max.com,Media Subscriptions,0,HBO Max
Netflix,Media Subscriptions,0,Netflix
Dropbox,GADGETS,0,
WORTEN,GADGETS,0,
TAXIS ARISTIDES,"Uber, Lyft, Cabs, Car2Go, Public Transit, Bikeshare ",0,
 ATHENS,Hella Travel,0,
 ATHINA,Hella Travel,0,
Freenow Raauz,Hella Travel,0,
DUTY FREE SHOPS SPATA,Hella Travel,0,
SPATA,Hella Travel,0,
ATHINA,Hella Travel,0,
Aegean,Hella Travel,0,
SKROUTZ,Hella Travel,0,
OPERAPARISSXAUTO2382806,Hella Travel,0,
LYFT *RIDE TUE 3AM,Chris Travel,0,
Teide Divers,Chris Travel,0,
7455 Gate Gourmet Glattbrugg,Chris Travel,0,
BARCELO,Chris Travel,0,
Barcelona,Chris Travel,0,
BADALONA,Chris Travel,0,
SAGRADA,Chris Travel,0,
MONTJUIC,Chris Travel,0,
POLICIA NACIONAL,Chris Travel,0,
AMERICAN AIR,Chris Travel,0,
LEV ATM 2860,Chris Cash Spending,0,
LEV ATM 7455,Chris Cash Spending,0,
Transfer : Chris's Cash,Chris Cash Spending,0,
Cleaning Clara,House Cleaning,0,
LEV ATM 6253,Hella Cash Spending,0,
Transfer : Hella's Cash,Hella Cash Spending,0,
ATM 9496,Hella Cash Spending,0,
